Options;Key
"[""Must"", ""Should"", ""Could""]";0
"[""Must"", ""Should"", ""Could""]";1
"[""Must"", ""Should"", ""Could""]";2
"[""Must"", ""Should"", ""Could""]";3
"[""Must"", ""Should"", ""Could""]";4
"[""Must"", ""Should"", ""Could""]";5
"[""Must"", ""Should"", ""Could""]";6
"[""Must"", ""Should"", ""Could""]";7
"[""Must"", ""Should"", ""Could""]";8
"[""Must"", ""Should"", ""Could""]";9
"[""Must"", ""Should"", ""Could""]";10
"[""Must"", ""Should"", ""Could""]";11
"[""Must"", ""Should"", ""Could""]";12
"[""Must"", ""Should"", ""Could""]";13
"[""Must"", ""Should"", ""Could""]";14
